peak_infected,peak_day,total_infected,peak_protection,deferred_admissions,condition,run
159,66,893,0.37469331986220134,235,baseline,0
161,69,921,0.3751950432781003,255,baseline,1
167,67,900,0.3768750381099134,244,baseline,2
130,77,866,0.3639006454574086,119,baseline,3
142,57,893,0.3694394631567332,252,baseline,4
127,69,859,0.3633990016406025,96,baseline,5
140,68,887,0.3681809271722776,131,baseline,6
154,69,893,0.3722141487782939,232,baseline,7
156,69,872,0.37343316881763694,223,baseline,8
161,66,889,0.37504893906599185,240,baseline,9
135,67,913,0.34135075194991327,138,no_info_saliency,0
142,62,878,0.34193253667329593,210,no_info_saliency,1
151,60,902,0.3432056154964937,204,no_info_saliency,2
153,73,899,0.3435915356522376,219,no_info_saliency,3
147,61,895,0.34308519872781135,192,no_info_saliency,4
124,68,880,0.33898757600267165,155,no_info_saliency,5
130,74,869,0.3397826424382531,132,no_info_saliency,6
156,61,902,0.3438207843232168,264,no_info_saliency,7
160,69,911,0.3441173824650074,215,no_info_saliency,8
151,70,879,0.3430832485562572,236,no_info_saliency,9
226,60,980,0.0,459,no_behavior_feedback,0
201,54,961,0.0,406,no_behavior_feedback,1
212,50,962,0.0,445,no_behavior_feedback,2
215,55,970,0.0,434,no_behavior_feedback,3
203,54,959,0.0,373,no_behavior_feedback,4
224,51,970,0.0,409,no_behavior_feedback,5
235,53,975,0.0,400,no_behavior_feedback,6
210,57,959,0.0,457,no_behavior_feedback,7
262,58,973,0.0,481,no_behavior_feedback,8
218,50,965,0.0,456,no_behavior_feedback,9
159,66,893,0.37469331986220134,0,no_hospital_constraint,0
161,69,921,0.3751950432781003,0,no_hospital_constraint,1
167,67,900,0.3768750381099134,0,no_hospital_constraint,2
130,77,866,0.3639006454574086,0,no_hospital_constraint,3
142,57,893,0.3694394631567332,0,no_hospital_constraint,4
127,69,859,0.3633990016406025,0,no_hospital_constraint,5
140,68,887,0.3681809271722776,0,no_hospital_constraint,6
154,69,893,0.3722141487782939,0,no_hospital_constraint,7
156,69,872,0.37343316881763694,0,no_hospital_constraint,8
161,66,889,0.37504893906599185,0,no_hospital_constraint,9
146,70,839,0.3704009104169977,174,no_mosquito,0
129,73,831,0.3637612835957081,86,no_mosquito,1
169,56,899,0.3783257986984793,203,no_mosquito,2
124,75,834,0.362347977809886,121,no_mosquito,3
118,69,815,0.3603647737183958,55,no_mosquito,4
151,67,843,0.37183078418058724,170,no_mosquito,5
136,79,864,0.3664972067940071,127,no_mosquito,6
168,68,873,0.37817334880417414,257,no_mosquito,7
122,69,797,0.36158094793113865,95,no_mosquito,8
153,61,799,0.37284849555031,187,no_mosquito,9
10,0,10,0.32334762256162414,0,no_human_transmission,0
10,0,12,0.3238082511942795,0,no_human_transmission,1
10,0,12,0.32357789539602605,0,no_human_transmission,2
10,0,16,0.32357789539602605,0,no_human_transmission,3
10,0,19,0.32380825119427953,0,no_human_transmission,4
10,0,14,0.3238082511942795,0,no_human_transmission,5
10,0,19,0.323577895396026,0,no_human_transmission,6
10,0,14,0.32357789539602605,0,no_human_transmission,7
10,0,14,0.32380825119427953,0,no_human_transmission,8
10,0,12,0.3238082511942795,0,no_human_transmission,9
