beta,sigma,gamma,media_amp,i0,rho,rmse,r2,R0_human
0.25,0.1,0.1,1.0,500000.0,0.011365660616847842,10077.88499887823,0.9409577893373547,2.5
0.25,0.1,0.1,0.5,500000.0,0.011284348039064493,10086.425955656836,0.9408576709780889,2.5
0.25,0.1,0.1,2.0,500000.0,0.011529562683618304,10101.165840344225,0.9406846883806405,2.5
0.2,0.2,0.1,0.5,500000.0,0.01352170756526871,10457.233335694438,0.9364292389143964,2.0
0.2,0.2,0.1,1.0,500000.0,0.013627939784232178,10599.77533958353,0.9346843678144136,2.0
0.2,0.2,0.1,2.0,500000.0,0.01384078910945363,10910.603400698405,0.9307975687440162,2.0
0.35,0.2,0.2,0.5,500000.0,0.01833523877877626,10978.852536135235,0.929929096516109,1.7499999999999998
0.25,0.3,0.15,0.5,500000.0,0.019064313646518234,10999.414343788509,0.9296663853401409,1.6666666666666667
0.35,0.2,0.2,1.0,500000.0,0.018428334885547785,11006.28364719342,0.9295785090607946,1.7499999999999998
0.35,0.2,0.2,2.0,500000.0,0.018614097429025263,11071.367827360857,0.9287431905119135,1.7499999999999998
0.25,0.3,0.15,1.0,500000.0,0.019177834507525707,11140.938643392972,0.9278448425890335,1.6666666666666667
0.35,0.1,0.15,2.0,500000.0,0.012186821663242068,11395.51449293421,0.9245096064984287,2.3333333333333335
0.25,0.3,0.15,2.0,500000.0,0.019404099807081802,11429.272968756228,0.9240616731610105,1.6666666666666667
0.35,0.1,0.15,1.0,500000.0,0.012041799720321955,11606.741569167536,0.9216850918268756,2.3333333333333335
0.35,0.1,0.15,0.5,500000.0,0.011969546438927116,11722.38833716438,0.9201166953610704,2.3333333333333335
0.2,0.3,0.1,2.0,500000.0,0.013188055409691191,12382.447913156419,0.9108673470317409,2.0
0.2,0.3,0.1,1.0,500000.0,0.012929277693338912,12736.12495126985,0.9057028784539722,2.0
0.2,0.3,0.1,0.5,500000.0,0.012799787736305102,12939.089973428378,0.9026734611496723,2.0
0.4,0.1,0.2,0.5,500000.0,0.015568836381162162,13134.539048596755,0.899710957354361,2.0
0.4,0.1,0.2,1.0,500000.0,0.015628234548782028,13226.358190035815,0.8983038824113065,2.0
