peak_infected,peak_day,total_infected,time_avg_protection,protection_min,protection_max,time_avg_A,mechanism,mode,run,protection_level,arm
134,64,836,0.33138160018522755,0.0039765625,0.4970703125,,awareness,dynamic,0,,awareness_dynamic
114,64,798,0.34595859353501734,0.0039765625,0.4970703125,,awareness,dynamic,1,,awareness_dynamic
103,63,831,0.32625829883887497,0.0039765625,0.4970703125,,awareness,dynamic,2,,awareness_dynamic
99,70,814,0.3623393746078797,0.0039765625,0.4970703125,,awareness,dynamic,3,,awareness_dynamic
121,72,841,0.33711562651459487,0.0039765625,0.4970703125,,awareness,dynamic,4,,awareness_dynamic
102,66,829,0.33297608233180315,0.0039765625,0.4970703125,,awareness,dynamic,5,,awareness_dynamic
116,84,834,0.3642107697702663,0.0039765625,0.4970703125,,awareness,dynamic,6,,awareness_dynamic
88,86,801,0.3483986292941371,0.0039765625,0.4970703125,,awareness,dynamic,7,,awareness_dynamic
129,66,852,0.3196010034137162,0.0039765625,0.4970703125,,awareness,dynamic,8,,awareness_dynamic
114,63,843,0.3356907126674837,0.0039765625,0.4970703125,,awareness,dynamic,9,,awareness_dynamic
151,62,901,0.34039306911590017,0.3403930691159001,0.3403930691159001,0.6847986302056616,awareness,constant,0,0.3403930691159001,awareness_constant
144,62,870,0.34039306911590017,0.3403930691159001,0.3403930691159001,0.6847986302056616,awareness,constant,1,0.3403930691159001,awareness_constant
132,73,874,0.34039306911590017,0.3403930691159001,0.3403930691159001,0.6847986302056616,awareness,constant,2,0.3403930691159001,awareness_constant
123,71,878,0.34039306911590017,0.3403930691159001,0.3403930691159001,0.6847986302056616,awareness,constant,3,0.3403930691159001,awareness_constant
133,87,893,0.34039306911590017,0.3403930691159001,0.3403930691159001,0.6847986302056616,awareness,constant,4,0.3403930691159001,awareness_constant
143,72,880,0.34039306911590017,0.3403930691159001,0.3403930691159001,0.6847986302056616,awareness,constant,5,0.3403930691159001,awareness_constant
160,69,914,0.34039306911590017,0.3403930691159001,0.3403930691159001,0.6847986302056616,awareness,constant,6,0.3403930691159001,awareness_constant
137,72,893,0.34039306911590017,0.3403930691159001,0.3403930691159001,0.6847986302056616,awareness,constant,7,0.3403930691159001,awareness_constant
163,60,908,0.34039306911590017,0.3403930691159001,0.3403930691159001,0.6847986302056616,awareness,constant,8,0.3403930691159001,awareness_constant
159,62,906,0.34039306911590017,0.3403930691159001,0.3403930691159001,0.6847986302056616,awareness,constant,9,0.3403930691159001,awareness_constant
210,59,967,0.0,0.0,0.0,0.6847986302056616,awareness,zero,0,,awareness_zero
213,56,966,0.0,0.0,0.0,0.6847986302056616,awareness,zero,1,,awareness_zero
244,50,971,0.0,0.0,0.0,0.6847986302056616,awareness,zero,2,,awareness_zero
237,62,973,0.0,0.0,0.0,0.6847986302056616,awareness,zero,3,,awareness_zero
231,54,961,0.0,0.0,0.0,0.6847986302056616,awareness,zero,4,,awareness_zero
221,51,965,0.0,0.0,0.0,0.6847986302056616,awareness,zero,5,,awareness_zero
204,56,951,0.0,0.0,0.0,0.6847986302056616,awareness,zero,6,,awareness_zero
217,52,957,0.0,0.0,0.0,0.6847986302056616,awareness,zero,7,,awareness_zero
218,53,965,0.0,0.0,0.0,0.6847986302056616,awareness,zero,8,,awareness_zero
215,55,961,0.0,0.0,0.0,0.6847986302056616,awareness,zero,9,,awareness_zero
142,76,898,0.3363866875867294,0.3211522367621097,0.3684389643910419,,ours,dynamic,0,,ours_dynamic
156,70,876,0.33604122593001035,0.32085740378912175,0.3736017466236318,,ours,dynamic,1,,ours_dynamic
157,65,894,0.33567203371174115,0.3208213008246051,0.37425231016029337,,ours,dynamic,2,,ours_dynamic
134,70,883,0.33528436928387384,0.3208213008246051,0.3654772188096392,,ours,dynamic,3,,ours_dynamic
137,88,864,0.33508411527228404,0.32097449566576114,0.36634518339071703,,ours,dynamic,4,,ours_dynamic
124,71,856,0.3341337905806319,0.3217836611169286,0.36239574271655123,,ours,dynamic,5,,ours_dynamic
148,81,890,0.33530341302901945,0.3208213008246051,0.37051562545065025,,ours,dynamic,6,,ours_dynamic
160,70,907,0.33624001335675785,0.32082130082460636,0.3738263945043205,,ours,dynamic,7,,ours_dynamic
156,56,891,0.3357939700501166,0.3211137311473513,0.37371459622116343,,ours,dynamic,8,,ours_dynamic
148,68,886,0.3356419419884882,0.32082130087159993,0.3709488022585594,,ours,dynamic,9,,ours_dynamic
155,78,894,0.3355581560789652,0.3355581560789653,0.3355581560789653,,ours,constant,0,0.3355581560789653,ours_constant
151,67,894,0.3355581560789652,0.3355581560789653,0.3355581560789653,,ours,constant,1,0.3355581560789653,ours_constant
166,65,910,0.3355581560789652,0.3355581560789653,0.3355581560789653,,ours,constant,2,0.3355581560789653,ours_constant
157,75,889,0.3355581560789652,0.3355581560789653,0.3355581560789653,,ours,constant,3,0.3355581560789653,ours_constant
141,78,880,0.3355581560789652,0.3355581560789653,0.3355581560789653,,ours,constant,4,0.3355581560789653,ours_constant
147,78,872,0.3355581560789652,0.3355581560789653,0.3355581560789653,,ours,constant,5,0.3355581560789653,ours_constant
148,95,883,0.3355581560789652,0.3355581560789653,0.3355581560789653,,ours,constant,6,0.3355581560789653,ours_constant
118,67,887,0.3355581560789652,0.3355581560789653,0.3355581560789653,,ours,constant,7,0.3355581560789653,ours_constant
164,56,882,0.3355581560789652,0.3355581560789653,0.3355581560789653,,ours,constant,8,0.3355581560789653,ours_constant
141,67,910,0.3355581560789652,0.3355581560789653,0.3355581560789653,,ours,constant,9,0.3355581560789653,ours_constant
213,51,968,0.0,0.0,0.0,,ours,zero,0,,ours_zero
204,55,963,0.0,0.0,0.0,,ours,zero,1,,ours_zero
222,50,968,0.0,0.0,0.0,,ours,zero,2,,ours_zero
196,48,960,0.0,0.0,0.0,,ours,zero,3,,ours_zero
234,48,967,0.0,0.0,0.0,,ours,zero,4,,ours_zero
250,53,980,0.0,0.0,0.0,,ours,zero,5,,ours_zero
197,62,967,0.0,0.0,0.0,,ours,zero,6,,ours_zero
206,51,965,0.0,0.0,0.0,,ours,zero,7,,ours_zero
226,45,978,0.0,0.0,0.0,,ours,zero,8,,ours_zero
239,52,978,0.0,0.0,0.0,,ours,zero,9,,ours_zero
