media_amplification,peak_mean,peak_std,peak_reduction_pct
0.5,148.8,10.663020210053059,0.0
1.0,138.0,21.97726097583591,7.25806451612904
1.5,146.2,12.755391017134677,1.7473118279570043
2.0,141.8,21.947665023869853,4.704301075268817
2.5,131.6,16.876018487783192,11.559139784946247
3.0,134.4,12.280065146407,9.677419354838712
3.5,130.2,17.65502761255275,12.500000000000014
4.0,130.2,23.392306427541513,12.500000000000014
4.5,126.2,14.77159436215333,15.18817204301076
5.0,116.2,16.754103974847474,21.908602150537636
5.5,123.0,12.30853362509117,17.338709677419363
6.0,128.6,9.710818709048173,13.57526881720431
6.5,119.4,6.693280212272603,19.758064516129036
7.0,120.0,4.183300132670378,19.354838709677423
7.5,116.2,10.986355173577815,21.908602150537636
8.0,109.4,9.016651263079883,26.47849462365592
8.5,112.2,11.322543883774529,24.59677419354839
9.0,114.0,14.577379737113253,23.387096774193555
9.5,112.0,13.765899897936203,24.73118279569893
10.0,103.6,9.016651263079883,30.37634408602152
