date,data_cases,model_fitted_cases,model_true_weekly_infections
2019-01-06,19201.0,7490.1362639562885,659014.598135485
2019-01-13,22899.0,9244.450730558407,813366.7757820371
2019-01-20,29392.0,12044.81323311295,1059754.7858554185
2019-01-27,35459.0,15748.26583529672,1385600.5705424936
2019-02-03,41681.0,20511.722109158534,1804710.0648732258
2019-02-10,47562.0,26556.47450648334,2336553.5362825682
2019-02-17,51565.0,34114.26037294568,3001520.239164677
2019-02-24,50717.0,43385.20382043442,3817217.958815569
2019-03-03,56860.0,54477.24127430196,4793143.408975967
2019-03-10,70841.0,67321.2339145016,5923213.457096215
2019-03-17,83852.0,81569.35808049931,7176825.072498232
2019-03-24,94505.0,96502.98086849033,8490749.822798643
2019-03-31,106260.0,110998.14453306192,9766097.042218933
2019-04-07,113990.0,123607.80108054375,10875549.186935445
2019-04-14,117159.0,132797.46857668465,11684095.896707743
2019-04-21,133081.0,137302.574754546,12080474.631717937
2019-04-28,136886.0,136487.18372005274,12008733.000326572
2019-05-05,142057.0,130541.94044442718,11485644.772017814
2019-05-12,132273.0,120418.84754886369,10594971.256695919
2019-05-19,112621.0,107535.98251912929,9461481.047544545
2019-05-26,92948.0,93397.37024368135,8217504.762128312
2019-06-02,72606.0,79284.47855994487,6975791.485663213
2019-06-09,58074.0,66100.256264926,5815786.560346748
2019-06-16,43812.0,54357.11095869083,4782573.824007624
2019-06-23,38274.0,44251.70386790382,3893456.382315999
2019-06-30,29881.0,35767.42499037927,3146972.8154085097
2019-07-07,23417.0,28766.874975544426,2531034.133898206
2019-07-14,19156.0,23059.503496745507,2028874.8955395822
2019-07-21,16546.0,18444.075408562217,1622789.5614991104
2019-07-28,14829.0,14731.708204829165,1296159.4315944712
2019-08-04,13716.0,11756.107564974052,1034353.2119503404
2019-08-11,12001.0,9376.333839602505,824970.422370657
2019-08-18,11026.0,7475.710755501817,657745.3794828457
2019-08-25,10321.0,5959.0561642265875,524303.5460159002
2019-09-01,10114.0,4749.429488968029,417875.3571022287
2019-09-08,10540.0,3784.9853865357622,333019.3918446856
2019-09-15,10031.0,3016.181916818493,265376.7359855412
2019-09-22,8654.0,2403.413843627072,211462.749474006
2019-09-29,9522.0,1915.0576123038657,168495.05513697
2019-10-06,9177.0,1525.880525994021,134253.57112389384
2019-10-13,9475.0,1215.7575707049139,106967.6116232734
2019-10-20,9208.0,968.6415982303027,85225.27910031387
2019-10-27,9717.0,771.7391917339139,67900.95338496465
2019-11-03,10381.0,614.8521732416572,54097.354651803835
2019-11-10,10273.0,489.85191679680435,43099.291216796875
2019-11-17,11432.0,390.2598863468823,34336.753445583454
2019-11-24,11557.0,310.913030649121,27355.473749430836
2019-12-01,13064.0,247.6969207291138,21793.44686413927
2019-12-08,14168.0,197.33294723499637,17362.20655247093
2019-12-15,12624.0,157.2086485658106,13831.89713871739
2019-12-22,7634.0,125.2424440242869,11019.372146185173
2019-12-29,20844.0,99.77580722572004,8778.70724714565
