mu,kappa,p_star,full_peak,full_peak_std,const_peak,const_peak_std,full_reduction_pct,const_reduction_pct,dynamic_margin_pp,welch_t,p_value,fadeout_full
0.3,1.5,0.4051555896609222,124.5,14.676133308500876,129.9,17.051881616603684,43.893645786390266,41.46011716989635,4.157043879907626,-0.7590174417236233,0.457882438616998,0.0
0.3,3.0,0.318735457509301,149.1,12.600264547487352,156.3,19.189406799933483,32.80757097791799,29.562866155926088,4.606525911708264,-0.9918070449544392,0.3364805565102737,0.0
0.4,1.5,0.3695098832848228,129.4,17.93940417690126,134.9,15.408871903333266,41.68544389364578,39.20684993240198,4.077094143810229,-0.7354574235389532,0.471749357839265,0.0
0.4,3.0,0.2579441234520255,156.2,15.156956598649128,166.0,16.323126062260393,29.60793150067599,25.19152771518702,5.903614457831332,-1.391257186997656,0.18119722753648898,0.0
0.5,1.5,0.3357387585602523,145.1,12.965338406690357,150.2,19.469634476966093,34.61018476791347,32.311852185669224,3.3954727030625795,-0.689462039822187,0.5006154341158495,0.0
0.5,3.0,0.2056941878144504,176.3,10.573026477262264,183.2,19.775405600560173,20.54979720594862,17.440288418206407,3.7663755458515165,-0.9730327647827594,0.3473366333652352,0.0
0.6,1.5,0.30368555043103945,154.0,7.9021797274197985,156.1,14.873167487496103,30.599369085173507,29.65299684542587,1.3452914798206241,-0.39429715890449013,0.6994284016398206,0.0
0.6,3.0,0.1614246010490654,181.1,18.186991688200298,184.0,17.230463977760113,18.38666065795404,17.0797656602073,1.5760869565217421,-0.36604738552900445,0.7186088311460997,0.0
0.7,1.5,0.2727999192679042,156.5,16.641647888488823,160.7,13.840761058072879,29.472735466426318,27.579990986931058,2.613565650280018,-0.6136056401393116,0.5474048940049453,0.0
0.7,3.0,0.12563049119461583,196.5,18.602568520383294,201.2,19.383842068417017,11.446597566471386,9.328526363226686,2.33598409542743,-0.5532134900387675,0.5869347411393687,0.0
