kappa,eta,peak_mean,peak_std,total_mean,total_std,peak_reduction_pct
0.5,0.0,115.9,11.169900029394476,831.8,34.576163915494014,46.540590405904055
0.5,0.15,113.2,12.209286083414817,824.3,31.696652469587,47.7859778597786
0.5,0.3,113.2,12.209286083414817,824.3,31.696652469587,47.7859778597786
0.5,0.5,113.2,12.209286083414817,827.9,28.91155094037294,47.7859778597786
1.0,0.0,128.5,13.834337312964758,864.2,12.63856531942344,40.72878228782288
1.0,0.15,128.1,14.003570973148241,863.0,10.913803695829936,40.91328413284133
1.0,0.3,129.0,13.711309200802086,867.4,16.008331164323966,40.49815498154982
1.0,0.5,130.1,12.982466808909795,865.4,18.038231004668326,39.990774907749085
1.5,0.0,140.4,18.673808157714138,891.1,14.161371559437496,35.239852398523986
1.5,0.15,142.0,19.765289440498126,895.1,12.81882296555429,34.50184501845019
1.5,0.3,141.8,19.820303843393635,894.0,13.474255287605155,34.594095940959406
1.5,0.5,148.4,13.251415018781957,892.8,15.09083607138231,31.54981549815498
2.0,0.0,160.8,20.546965171960984,903.3,11.106054404893055,25.830258302583026
2.0,0.15,161.8,20.093116565961918,906.9,13.411852138231264,25.3690036900369
2.0,0.3,161.1,18.71095935541521,904.2,12.865112168617545,25.691881918819192
2.0,0.5,154.5,19.60867155112758,904.7,15.282888034225275,28.73616236162362
3.0,0.0,171.2,16.335374022177895,924.0,15.114378731672845,21.03321033210333
3.0,0.15,170.8,15.977762324208262,927.5,15.443445211480512,21.21771217712177
3.0,0.3,173.4,23.324760329839286,924.8,10.737266360153738,20.018450184501845
3.0,0.5,175.8,17.61817243643619,928.9,14.753154088382445,18.911439114391143
