day,S,E,I,R,info_saliency,avg_risk,avg_protection,hospital_beds,hospital_icu,rejected,effective_beta
0,990,0,10,0,0.015,0.0,0.0,1,0,0,0.3
1,987,3,9,1,0.013486506747750562,0.0,0.0,2,1,0,0.3
2,982,8,8,2,0.011976023984007997,0.0,0.0,3,1,0,0.3
3,981,7,9,3,0.013459560689295534,0.0,0.0,3,1,0,0.3
4,975,12,9,4,0.013446107856143884,0.0,0.0,4,1,0,0.3
5,973,9,13,5,0.019402743344257307,0.0,0.0,5,1,0,0.3
6,972,10,12,6,0.017892323352970838,0.0,0.0,7,1,0,0.3
7,966,13,15,6,0.02234304996599779,0.0,0.0,6,1,0,0.3
8,961,16,14,9,0.020832670211578277,0.0,0.0,5,2,0,0.3
9,958,18,14,10,0.020811847954230557,0.0,0.0,4,3,0,0.3
10,952,18,20,10,0.029701495012475043,0.0,0.0,6,4,0,0.3
11,946,21,20,13,0.02967180836326106,0.0,0.0,9,4,0,0.3
12,941,25,20,14,0.029642151385857914,0.0,0.0,9,4,0,0.3
13,935,26,23,16,0.03405440265819992,0.0,0.0,9,4,0,0.3
14,931,25,26,18,0.03845780422625161,0.0,0.0,11,5,0,0.3
15,927,23,30,20,0.044330037282137816,0.0,0.0,14,4,0,0.3
16,919,25,34,22,0.050190493322819545,0.0,0.0,16,4,0,0.3
17,911,27,33,29,0.04866561238942803,0.0,0.0,17,5,0,0.3
18,900,35,32,33,0.04714372955319844,0.0,0.0,15,5,0,0.3
19,892,37,37,34,0.05445545460447573,0.0,0.0,16,6,0,0.3
20,885,32,45,38,0.06616341044820598,0.0,0.0,18,6,0,0.3
21,873,39,45,43,0.06609728010843853,0.0,0.0,16,7,0,0.3
22,863,45,45,47,0.06603121586595669,0.0,0.0,17,7,0,0.3
23,858,36,57,49,0.0835559423626152,0.0,0.0,18,7,0,0.3
24,836,53,52,59,0.07615028536111693,0.0,0.0,16,6,0,0.3
25,827,51,55,67,0.08046306774233744,0.0,0.0,17,6,0,0.3
26,814,52,66,68,0.0964591738712662,0.0,0.0,22,7,0,0.3
27,795,61,70,74,0.10220293036005537,0.0,0.0,24,9,0,0.3
28,778,67,79,76,0.11522802146594775,0.0,0.0,29,8,0,0.3
29,765,71,81,83,0.11802710043269247,0.0,0.0,28,13,0,0.3
30,751,77,82,90,0.1193648006264665,0.0,0.0,27,16,0,0.3
31,735,76,95,94,0.1381502691633337,0.0,0.0,31,18,0,0.3
32,714,80,103,103,0.14963426693123602,0.0,0.0,37,18,0,0.3
33,696,82,104,118,0.150936015295889,0.0,0.0,36,21,0,0.3
34,671,91,107,131,0.1551347264943198,0.0,0.0,37,23,0,0.3
35,647,104,109,140,0.15787648555811212,0.0,0.0,39,24,0,0.3
36,634,97,121,148,0.17508221326718684,0.0,0.0,45,26,0,0.3
37,613,101,127,159,0.1835803037839947,0.0,0.0,46,27,0,0.3
38,589,109,130,172,0.18772902347378392,0.0,0.0,47,29,0,0.3
39,577,97,139,187,0.20052502285701748,0.0,0.0,47,30,0,0.3
40,552,97,145,206,0.20897170301563026,0.0,0.0,52,30,0,0.3
41,521,107,153,219,0.22028078532301984,0.0,0.0,60,31,0,0.3
42,496,109,162,233,0.23300535667911373,0.0,0.0,64,35,0,0.3
43,481,102,162,255,0.23277246778628843,0.0,0.0,63,32,0,0.3
44,463,92,180,265,0.25837756851772264,0.0,0.0,70,32,0,0.3
45,436,100,181,283,0.2595533163176866,0.0,0.0,76,30,0,0.3
46,416,99,184,301,0.26359158156463725,0.0,0.0,78,30,0,0.3
47,398,93,191,318,0.2733460394096413,0.0,0.0,76,30,0,0.3
48,378,92,201,329,0.2873698368038677,0.0,0.0,71,30,0,0.3
49,353,98,204,345,0.2913674256877425,0.0,0.0,66,33,0,0.3
50,332,98,206,364,0.29392989217072063,0.0,0.0,73,37,0,0.3
51,310,105,199,386,0.28365818315392943,0.0,0.0,70,35,0,0.3
52,291,108,195,406,0.2776786935515452,0.0,0.0,68,36,0,0.3
53,274,103,193,430,0.2745560136136253,0.0,0.0,69,38,0,0.3
54,256,99,196,449,0.27854503931152874,0.0,0.0,65,39,0,0.3
55,240,98,189,473,0.26832853944481266,0.0,0.0,64,37,0,0.3
56,224,93,191,492,0.27089696243259853,0.0,0.0,70,36,0,0.3
57,212,94,179,515,0.2536235076249115,0.0,0.0,63,36,0,0.3
58,192,97,173,538,0.2448771613598492,0.0,0.0,62,35,0,0.3
59,178,93,169,560,0.2389761659813248,0.0,0.0,61,38,0,0.3
60,168,78,173,581,0.2443878964651125,0.0,0.0,62,40,0,0.3
61,161,68,167,604,0.23567622156389043,0.0,0.0,65,39,0,0.3
62,156,58,158,628,0.22275224416948805,0.0,0.0,63,37,0,0.3
63,151,50,161,638,0.22675484889592568,0.0,0.0,61,36,0,0.3
64,142,51,152,655,0.2138651398930063,0.0,0.0,60,30,0,0.3
65,137,50,142,671,0.1995953696993869,0.0,0.0,58,34,0,0.3
66,132,42,141,685,0.19799167779767735,0.0,0.0,56,34,0,0.3
67,127,39,137,697,0.19218261387470761,0.0,0.0,47,31,0,0.3
68,123,37,131,709,0.18358218305792245,0.0,0.0,44,30,0,0.3
69,122,32,124,722,0.17359876249454556,0.0,0.0,39,29,0,0.3
70,120,29,120,731,0.1678308875830707,0.0,0.0,35,26,0,0.3
71,113,31,120,736,0.16766314058296658,0.0,0.0,33,24,0,0.3
72,112,26,116,746,0.16191237587114982,0.0,0.0,34,22,0,0.3
73,108,25,108,759,0.15059533446417844,0.0,0.0,32,19,0,0.3
74,104,26,98,772,0.13651473899466923,0.0,0.0,30,19,0,0.3
75,98,28,90,784,0.12524537065435465,0.0,0.0,26,17,0,0.3
76,92,29,84,795,0.11677884202648216,0.0,0.0,26,17,0,0.3
77,88,29,79,804,0.1097179476523697,0.0,0.0,23,15,0,0.3
78,87,25,82,806,0.11377062446485534,0.0,0.0,23,14,0,0.3
79,81,25,78,816,0.10811267116007514,0.0,0.0,19,10,0,0.3
80,80,19,83,818,0.11492798512513615,0.0,0.0,18,7,0,0.3
81,78,17,75,830,0.10374679028751839,0.0,0.0,20,8,0,0.3
82,76,16,69,839,0.09535164772507208,0.0,0.0,20,7,0,0.3
83,75,14,70,841,0.0966368704581131,0.0,0.0,19,9,0,0.3
84,71,16,64,849,0.08826540058513196,0.0,0.0,17,9,0,0.3
85,69,17,55,859,0.07577726346312023,0.0,0.0,13,9,0,0.3
86,69,15,54,862,0.07432513272883223,0.0,0.0,15,9,0,0.3
87,69,12,50,869,0.06875078217248642,0.0,0.0,13,8,0,0.3
88,69,11,46,874,0.06318750049390948,0.0,0.0,11,6,0,0.3
89,69,8,41,882,0.05626300277482879,0.0,0.0,10,5,0,0.3
90,65,10,38,887,0.05209407756046,0.0,0.0,12,6,0,0.3
91,65,6,38,891,0.05204200952125814,0.0,0.0,12,4,0,0.3
92,64,6,35,895,0.04788552035111725,0.0,0.0,12,5,0,0.3
93,64,5,32,899,0.04373728801421475,0.0,0.0,9,5,0,0.3
94,62,7,26,905,0.03550102772738991,0.0,0.0,7,5,0,0.3
95,62,5,24,909,0.032737425640856334,0.0,0.0,6,4,0,0.3
96,62,2,24,912,0.03270470457847342,0.0,0.0,7,4,0,0.3
97,62,2,23,913,0.031310682211597905,0.0,0.0,4,2,0,0.3
98,61,3,20,916,0.02719946711261763,0.0,0.0,4,2,0,0.3
99,61,3,16,920,0.021737824992565165,0.0,0.0,4,2,0,0.3
100,61,1,16,922,0.021716098032863028,0.0,0.0,4,2,0,0.3
101,61,0,17,922,0.023050292338589535,0.0,0.0,7,2,0,0.3
102,61,0,16,923,0.021672709240053042,0.0,0.0,6,2,0,0.3
103,61,0,16,923,0.021651047363556396,0.0,0.0,5,2,0,0.3
104,61,0,15,924,0.020277569191977107,0.0,0.0,5,2,0,0.3
105,61,0,14,925,0.01890681497431158,0.0,0.0,4,2,0,0.3
106,61,0,14,925,0.018887917609594407,0.0,0.0,3,1,0,0.3
107,61,0,14,925,0.018869039132796417,0.0,0.0,3,1,0,0.3
108,60,1,13,926,0.01750373813039348,0.0,0.0,0,1,0,0.3
109,59,2,11,928,0.014796051888720886,0.0,0.0,0,1,0,0.3
110,59,2,10,929,0.013437512029447924,0.0,0.0,1,1,0,0.3
111,59,1,7,933,0.009396856863754827,0.0,0.0,1,1,0,0.3
112,59,0,6,935,0.008046398317503216,0.0,0.0,2,1,0,0.3
113,59,0,5,936,0.006698629950870116,0.0,0.0,2,1,0,0.3
114,59,0,3,938,0.004015160801470838,0.0,0.0,2,1,0,0.3
115,59,0,3,938,0.004011147647580741,0.0,0.0,2,1,0,0.3
116,59,0,2,939,0.002671425669892418,0.0,0.0,2,1,0,0.3
117,59,0,2,939,0.002668755579490234,0.0,0.0,1,1,0,0.3
118,58,1,2,939,0.002666088157843852,0.0,0.0,1,0,0,0.3
119,57,2,2,939,0.0026634234022858503,0.0,0.0,0,0,0,0.3
120,57,2,2,939,0.0026607613101514724,0.0,0.0,0,0,0,0.3
121,57,1,3,939,0.00398715281816794,0.0,0.0,0,0,0,0.3
122,57,1,3,939,0.003983167658261823,0.0,0.0,0,0,0,0.3
123,57,1,3,939,0.003979186481523694,0.0,0.0,0,0,0,0.3
124,57,1,3,939,0.00397520928397238,0.0,0.0,0,0,0,0.3
125,57,1,3,939,0.00397123606163068,0.0,0.0,1,0,0,0.3
126,57,0,4,939,0.005289689080700497,0.0,0.0,1,0,0,0.3
127,57,0,4,939,0.005284402035582942,0.0,0.0,1,0,0,0.3
128,57,0,4,939,0.005279120274867863,0.0,0.0,1,0,0,0.3
129,57,0,3,940,0.0039553828449551244,0.0,0.0,1,0,0,0.3
130,57,0,3,940,0.003951429439142526,0.0,0.0,1,0,0,0.3
131,57,0,2,941,0.0026316533231731305,0.0,0.0,1,0,0,0.3
132,57,0,2,941,0.0026290229852381198,0.0,0.0,0,0,0,0.3
133,57,0,1,942,0.0013131976381631568,0.0,0.0,0,0,0,0.3
134,57,0,1,942,0.001311885096905001,0.0,0.0,0,0,0,0.3
135,57,0,1,942,0.0013105738675320516,0.0,0.0,0,0,0,0.3
136,57,0,0,943,0.0,0.0,0.0,0,0,0,0.3
137,57,0,0,943,0.0,0.0,0.0,0,0,0,0.3
138,57,0,0,943,0.0,0.0,0.0,0,0,0,0.3
139,57,0,0,943,0.0,0.0,0.0,0,0,0,0.3
140,57,0,0,943,0.0,0.0,0.0,0,0,0,0.3
141,57,0,0,943,0.0,0.0,0.0,0,0,0,0.3
142,57,0,0,943,0.0,0.0,0.0,0,0,0,0.3
143,57,0,0,943,0.0,0.0,0.0,0,0,0,0.3
144,57,0,0,943,0.0,0.0,0.0,0,0,0,0.3
145,57,0,0,943,0.0,0.0,0.0,0,0,0,0.3
146,57,0,0,943,0.0,0.0,0.0,0,0,0,0.3
147,57,0,0,943,0.0,0.0,0.0,0,0,0,0.3
148,57,0,0,943,0.0,0.0,0.0,0,0,0,0.3
149,57,0,0,943,0.0,0.0,0.0,0,0,0,0.3
150,57,0,0,943,0.0,0.0,0.0,0,0,0,0.3
151,57,0,0,943,0.0,0.0,0.0,0,0,0,0.3
152,57,0,0,943,0.0,0.0,0.0,0,0,0,0.3
153,57,0,0,943,0.0,0.0,0.0,0,0,0,0.3
154,57,0,0,943,0.0,0.0,0.0,0,0,0,0.3
155,57,0,0,943,0.0,0.0,0.0,0,0,0,0.3
156,57,0,0,943,0.0,0.0,0.0,0,0,0,0.3
157,57,0,0,943,0.0,0.0,0.0,0,0,0,0.3
158,57,0,0,943,0.0,0.0,0.0,0,0,0,0.3
159,57,0,0,943,0.0,0.0,0.0,0,0,0,0.3
160,57,0,0,943,0.0,0.0,0.0,0,0,0,0.3
161,57,0,0,943,0.0,0.0,0.0,0,0,0,0.3
162,57,0,0,943,0.0,0.0,0.0,0,0,0,0.3
163,57,0,0,943,0.0,0.0,0.0,0,0,0,0.3
164,57,0,0,943,0.0,0.0,0.0,0,0,0,0.3
165,57,0,0,943,0.0,0.0,0.0,0,0,0,0.3
166,57,0,0,943,0.0,0.0,0.0,0,0,0,0.3
167,57,0,0,943,0.0,0.0,0.0,0,0,0,0.3
168,57,0,0,943,0.0,0.0,0.0,0,0,0,0.3
169,57,0,0,943,0.0,0.0,0.0,0,0,0,0.3
170,57,0,0,943,0.0,0.0,0.0,0,0,0,0.3
171,57,0,0,943,0.0,0.0,0.0,0,0,0,0.3
172,57,0,0,943,0.0,0.0,0.0,0,0,0,0.3
173,57,0,0,943,0.0,0.0,0.0,0,0,0,0.3
174,57,0,0,943,0.0,0.0,0.0,0,0,0,0.3
175,57,0,0,943,0.0,0.0,0.0,0,0,0,0.3
176,57,0,0,943,0.0,0.0,0.0,0,0,0,0.3
177,57,0,0,943,0.0,0.0,0.0,0,0,0,0.3
178,57,0,0,943,0.0,0.0,0.0,0,0,0,0.3
179,57,0,0,943,0.0,0.0,0.0,0,0,0,0.3
180,57,0,0,943,0.0,0.0,0.0,0,0,0,0.3
181,57,0,0,943,0.0,0.0,0.0,0,0,0,0.3
182,57,0,0,943,0.0,0.0,0.0,0,0,0,0.3
183,57,0,0,943,0.0,0.0,0.0,0,0,0,0.3
184,57,0,0,943,0.0,0.0,0.0,0,0,0,0.3
185,57,0,0,943,0.0,0.0,0.0,0,0,0,0.3
186,57,0,0,943,0.0,0.0,0.0,0,0,0,0.3
187,57,0,0,943,0.0,0.0,0.0,0,0,0,0.3
188,57,0,0,943,0.0,0.0,0.0,0,0,0,0.3
189,57,0,0,943,0.0,0.0,0.0,0,0,0,0.3
190,57,0,0,943,0.0,0.0,0.0,0,0,0,0.3
191,57,0,0,943,0.0,0.0,0.0,0,0,0,0.3
192,57,0,0,943,0.0,0.0,0.0,0,0,0,0.3
193,57,0,0,943,0.0,0.0,0.0,0,0,0,0.3
194,57,0,0,943,0.0,0.0,0.0,0,0,0,0.3
195,57,0,0,943,0.0,0.0,0.0,0,0,0,0.3
196,57,0,0,943,0.0,0.0,0.0,0,0,0,0.3
197,57,0,0,943,0.0,0.0,0.0,0,0,0,0.3
198,57,0,0,943,0.0,0.0,0.0,0,0,0,0.3
199,57,0,0,943,0.0,0.0,0.0,0,0,0,0.3
