p_A,d_A,m_star,a_bar,dynamic_peak,dynamic_peak_std,constant_peak,constant_peak_std,dynamic_margin_pp,welch_t,p_value
0.15,0.05,0.44140625000000006,0.753484849540574,119.2,15.770225109363532,146.6,10.478549517943788,18.690313778990443,-3.2358693989537137,0.014460599588262972
0.15,0.1,0.5750000000000001,0.5847637380048815,96.2,5.93295878967653,149.6,11.171392035015154,35.6951871657754,-9.439875528840407,7.358015413778807e-05
0.15,0.2,1.2281250000000001,0.26797341158806903,88.4,6.348228099241551,147.4,10.830512453249845,40.027137042062414,-10.508939873216672,2.680727442808081e-05
0.25,0.05,0.41171875,0.8109536300393436,143.0,4.898979485566356,148.8,10.80277742064512,3.897849462365599,-1.0933669625767484,0.31918341659312693
0.25,0.1,0.50078125,0.6952648034188964,104.4,6.6932802122726045,145.4,11.081516141756055,28.198074277854197,-7.081607492498034,0.0002629861703174908
0.25,0.2,0.6937500000000001,0.48139307709548956,76.8,13.21741275741966,148.4,10.16366075781753,48.24797843665768,-9.602307876066181,1.7688601902371515e-05
0.35,0.05,0.3671875,0.8902446940742934,142.4,12.340988615179905,141.2,4.816637831516918,-0.8498583569405221,0.2025478734167362,0.8471890657159197
0.35,0.1,0.45625000000000004,0.7463641432302108,112.6,10.644247272588137,147.4,13.08816259067712,23.609226594301226,-4.612610658906035,0.0019209441277753263
0.35,0.2,0.58984375,0.5867195091775609,85.0,7.713624310270756,145.2,12.5777581468241,41.46005509641873,-9.123306784719171,5.3999866116655666e-05
